"year","source","item","value","Reference"
1969,"Current study","Input_MtPperYr",13.0073994313,"FAO (2022) Cropland Nutrient Budget (current study)"
1969,"Current study","Output_MtPperYr",7.2031404892,"FAO (2022) Cropland Nutrient Budget (current study)"
1969,"Current study","Surplus_MtPperYr",5.8042589422,"FAO (2022) Cropland Nutrient Budget (current study)"
1969,"Current study","PUE_pc",55.3773,"FAO (2022) Cropland Nutrient Budget (current study)"
1978,"Current study","Input_MtPperYr",18.3412055694,"FAO (2022) Cropland Nutrient Budget (current study)"
1978,"Current study","Output_MtPperYr",9.4560826514,"FAO (2022) Cropland Nutrient Budget (current study)"
1978,"Current study","Surplus_MtPperYr",8.885122918,"FAO (2022) Cropland Nutrient Budget (current study)"
1978,"Current study","PUE_pc",51.5565,"FAO (2022) Cropland Nutrient Budget (current study)"
1987,"Current study","Input_MtPperYr",21.7249671858,"FAO (2022) Cropland Nutrient Budget (current study)"
1987,"Current study","Output_MtPperYr",10.9595230928,"FAO (2022) Cropland Nutrient Budget (current study)"
1987,"Current study","Surplus_MtPperYr",10.7654440931,"FAO (2022) Cropland Nutrient Budget (current study)"
1987,"Current study","PUE_pc",50.4467,"FAO (2022) Cropland Nutrient Budget (current study)"
1961,"Current study","Input_MtPperYr",8.7494119419,"FAO (2022) Cropland Nutrient Budget (current study)"
1961,"Current study","Output_MtPperYr",5.5785109322,"FAO (2022) Cropland Nutrient Budget (current study)"
1961,"Current study","Surplus_MtPperYr",3.1709010097,"FAO (2022) Cropland Nutrient Budget (current study)"
1961,"Current study","PUE_pc",63.7587,"FAO (2022) Cropland Nutrient Budget (current study)"
1970,"Current study","Input_MtPperYr",13.5988620525,"FAO (2022) Cropland Nutrient Budget (current study)"
1970,"Current study","Output_MtPperYr",7.4059563084,"FAO (2022) Cropland Nutrient Budget (current study)"
1970,"Current study","Surplus_MtPperYr",6.192905744,"FAO (2022) Cropland Nutrient Budget (current study)"
1970,"Current study","PUE_pc",54.4601,"FAO (2022) Cropland Nutrient Budget (current study)"
1979,"Current study","Input_MtPperYr",19.0852510657,"FAO (2022) Cropland Nutrient Budget (current study)"
1979,"Current study","Output_MtPperYr",9.3004115483,"FAO (2022) Cropland Nutrient Budget (current study)"
1979,"Current study","Surplus_MtPperYr",9.7848395174,"FAO (2022) Cropland Nutrient Budget (current study)"
1979,"Current study","PUE_pc",48.7309,"FAO (2022) Cropland Nutrient Budget (current study)"
1988,"Current study","Input_MtPperYr",22.3076214184,"FAO (2022) Cropland Nutrient Budget (current study)"
1988,"Current study","Output_MtPperYr",10.7882228039,"FAO (2022) Cropland Nutrient Budget (current study)"
1988,"Current study","Surplus_MtPperYr",11.5193986145,"FAO (2022) Cropland Nutrient Budget (current study)"
1988,"Current study","PUE_pc",48.3612,"FAO (2022) Cropland Nutrient Budget (current study)"
1962,"Current study","Input_MtPperYr",9.1673655038,"FAO (2022) Cropland Nutrient Budget (current study)"
1962,"Current study","Output_MtPperYr",5.8798886472,"FAO (2022) Cropland Nutrient Budget (current study)"
1962,"Current study","Surplus_MtPperYr",3.2874768566,"FAO (2022) Cropland Nutrient Budget (current study)"
1962,"Current study","PUE_pc",64.1394,"FAO (2022) Cropland Nutrient Budget (current study)"
1971,"Current study","Input_MtPperYr",14.398070873,"FAO (2022) Cropland Nutrient Budget (current study)"
1971,"Current study","Output_MtPperYr",7.8212026613,"FAO (2022) Cropland Nutrient Budget (current study)"
1971,"Current study","Surplus_MtPperYr",6.5768682117,"FAO (2022) Cropland Nutrient Budget (current study)"
1971,"Current study","PUE_pc",54.3212,"FAO (2022) Cropland Nutrient Budget (current study)"
1980,"Current study","Input_MtPperYr",19.2955179943,"FAO (2022) Cropland Nutrient Budget (current study)"
1980,"Current study","Output_MtPperYr",9.2794926541,"FAO (2022) Cropland Nutrient Budget (current study)"
1980,"Current study","Surplus_MtPperYr",10.0160253402,"FAO (2022) Cropland Nutrient Budget (current study)"
1980,"Current study","PUE_pc",48.0914,"FAO (2022) Cropland Nutrient Budget (current study)"
1989,"Current study","Input_MtPperYr",22.2932497299,"FAO (2022) Cropland Nutrient Budget (current study)"
1989,"Current study","Output_MtPperYr",11.4822684967,"FAO (2022) Cropland Nutrient Budget (current study)"
1989,"Current study","Surplus_MtPperYr",10.8109812331,"FAO (2022) Cropland Nutrient Budget (current study)"
1989,"Current study","PUE_pc",51.5056,"FAO (2022) Cropland Nutrient Budget (current study)"
1963,"Current study","Input_MtPperYr",9.7644607515,"FAO (2022) Cropland Nutrient Budget (current study)"
1963,"Current study","Output_MtPperYr",6.0338214134,"FAO (2022) Cropland Nutrient Budget (current study)"
1963,"Current study","Surplus_MtPperYr",3.7306393382,"FAO (2022) Cropland Nutrient Budget (current study)"
1963,"Current study","PUE_pc",61.7937,"FAO (2022) Cropland Nutrient Budget (current study)"
1972,"Current study","Input_MtPperYr",15.2197124061,"FAO (2022) Cropland Nutrient Budget (current study)"
1972,"Current study","Output_MtPperYr",7.6529998069,"FAO (2022) Cropland Nutrient Budget (current study)"
1972,"Current study","Surplus_MtPperYr",7.5667125991,"FAO (2022) Cropland Nutrient Budget (current study)"
1972,"Current study","PUE_pc",50.2835,"FAO (2022) Cropland Nutrient Budget (current study)"
1981,"Current study","Input_MtPperYr",19.1480972701,"FAO (2022) Cropland Nutrient Budget (current study)"
1981,"Current study","Output_MtPperYr",9.7270026129,"FAO (2022) Cropland Nutrient Budget (current study)"
1981,"Current study","Surplus_MtPperYr",9.4210946572,"FAO (2022) Cropland Nutrient Budget (current study)"
1981,"Current study","PUE_pc",50.7988,"FAO (2022) Cropland Nutrient Budget (current study)"
1990,"Current study","Input_MtPperYr",20.007520471,"FAO (2022) Cropland Nutrient Budget (current study)"
1990,"Current study","Output_MtPperYr",11.9076822749,"FAO (2022) Cropland Nutrient Budget (current study)"
1990,"Current study","Surplus_MtPperYr",8.0998381961,"FAO (2022) Cropland Nutrient Budget (current study)"
1990,"Current study","PUE_pc",59.516,"FAO (2022) Cropland Nutrient Budget (current study)"
1964,"Current study","Input_MtPperYr",10.354299218,"FAO (2022) Cropland Nutrient Budget (current study)"
1964,"Current study","Output_MtPperYr",6.3906919593,"FAO (2022) Cropland Nutrient Budget (current study)"
1964,"Current study","Surplus_MtPperYr",3.9636072587,"FAO (2022) Cropland Nutrient Budget (current study)"
1964,"Current study","PUE_pc",61.7202,"FAO (2022) Cropland Nutrient Budget (current study)"
1973,"Current study","Input_MtPperYr",15.9871582615,"FAO (2022) Cropland Nutrient Budget (current study)"
1973,"Current study","Output_MtPperYr",8.3212032085,"FAO (2022) Cropland Nutrient Budget (current study)"
1973,"Current study","Surplus_MtPperYr",7.665955053,"FAO (2022) Cropland Nutrient Budget (current study)"
1973,"Current study","PUE_pc",52.0493,"FAO (2022) Cropland Nutrient Budget (current study)"
1982,"Current study","Input_MtPperYr",19.1576332436,"FAO (2022) Cropland Nutrient Budget (current study)"
1982,"Current study","Output_MtPperYr",10.1696354143,"FAO (2022) Cropland Nutrient Budget (current study)"
1982,"Current study","Surplus_MtPperYr",8.9879978293,"FAO (2022) Cropland Nutrient Budget (current study)"
1982,"Current study","PUE_pc",53.084,"FAO (2022) Cropland Nutrient Budget (current study)"
1991,"Current study","Input_MtPperYr",19.8416567601,"FAO (2022) Cropland Nutrient Budget (current study)"
1991,"Current study","Output_MtPperYr",11.6476599414,"FAO (2022) Cropland Nutrient Budget (current study)"
1991,"Current study","Surplus_MtPperYr",8.1939968187,"FAO (2022) Cropland Nutrient Budget (current study)"
1991,"Current study","PUE_pc",58.7031,"FAO (2022) Cropland Nutrient Budget (current study)"
1965,"Current study","Input_MtPperYr",11.0642375134,"FAO (2022) Cropland Nutrient Budget (current study)"
1965,"Current study","Output_MtPperYr",6.3774474158,"FAO (2022) Cropland Nutrient Budget (current study)"
1965,"Current study","Surplus_MtPperYr",4.6867900976,"FAO (2022) Cropland Nutrient Budget (current study)"
1965,"Current study","PUE_pc",57.6402,"FAO (2022) Cropland Nutrient Budget (current study)"
1974,"Current study","Input_MtPperYr",15.5937133995,"FAO (2022) Cropland Nutrient Budget (current study)"
1974,"Current study","Output_MtPperYr",8.1261744074,"FAO (2022) Cropland Nutrient Budget (current study)"
1974,"Current study","Surplus_MtPperYr",7.4675389922,"FAO (2022) Cropland Nutrient Budget (current study)"
1974,"Current study","PUE_pc",52.1119,"FAO (2022) Cropland Nutrient Budget (current study)"
1983,"Current study","Input_MtPperYr",19.9923653122,"FAO (2022) Cropland Nutrient Budget (current study)"
1983,"Current study","Output_MtPperYr",9.8352975535,"FAO (2022) Cropland Nutrient Budget (current study)"
1983,"Current study","Surplus_MtPperYr",10.1570677587,"FAO (2022) Cropland Nutrient Budget (current study)"
1983,"Current study","PUE_pc",49.1953,"FAO (2022) Cropland Nutrient Budget (current study)"
1992,"Current study","Input_MtPperYr",19.1801124492,"FAO (2022) Cropland Nutrient Budget (current study)"
1992,"Current study","Output_MtPperYr",11.7857632518,"FAO (2022) Cropland Nutrient Budget (current study)"
1992,"Current study","Surplus_MtPperYr",7.3943491974,"FAO (2022) Cropland Nutrient Budget (current study)"
1992,"Current study","PUE_pc",61.4478,"FAO (2022) Cropland Nutrient Budget (current study)"
1966,"Current study","Input_MtPperYr",11.8406452839,"FAO (2022) Cropland Nutrient Budget (current study)"
1966,"Current study","Output_MtPperYr",6.7452999138,"FAO (2022) Cropland Nutrient Budget (current study)"
1966,"Current study","Surplus_MtPperYr",5.0953453701,"FAO (2022) Cropland Nutrient Budget (current study)"
1966,"Current study","PUE_pc",56.9673,"FAO (2022) Cropland Nutrient Budget (current study)"
1975,"Current study","Input_MtPperYr",16.2242663932,"FAO (2022) Cropland Nutrient Budget (current study)"
1975,"Current study","Output_MtPperYr",8.2238520779,"FAO (2022) Cropland Nutrient Budget (current study)"
1975,"Current study","Surplus_MtPperYr",8.0004143154,"FAO (2022) Cropland Nutrient Budget (current study)"
1975,"Current study","PUE_pc",50.6886,"FAO (2022) Cropland Nutrient Budget (current study)"
1984,"Current study","Input_MtPperYr",20.7401328721,"FAO (2022) Cropland Nutrient Budget (current study)"
1984,"Current study","Output_MtPperYr",10.7529599672,"FAO (2022) Cropland Nutrient Budget (current study)"
1984,"Current study","Surplus_MtPperYr",9.9871729049,"FAO (2022) Cropland Nutrient Budget (current study)"
1984,"Current study","PUE_pc",51.8461,"FAO (2022) Cropland Nutrient Budget (current study)"
1993,"Current study","Input_MtPperYr",18.1208175107,"FAO (2022) Cropland Nutrient Budget (current study)"
1993,"Current study","Output_MtPperYr",11.560819336,"FAO (2022) Cropland Nutrient Budget (current study)"
1993,"Current study","Surplus_MtPperYr",6.5599981747,"FAO (2022) Cropland Nutrient Budget (current study)"
1993,"Current study","PUE_pc",63.7986,"FAO (2022) Cropland Nutrient Budget (current study)"
1967,"Current study","Input_MtPperYr",12.3311600586,"FAO (2022) Cropland Nutrient Budget (current study)"
1967,"Current study","Output_MtPperYr",6.9593073799,"FAO (2022) Cropland Nutrient Budget (current study)"
1967,"Current study","Surplus_MtPperYr",5.3718526787,"FAO (2022) Cropland Nutrient Budget (current study)"
1967,"Current study","PUE_pc",56.4368,"FAO (2022) Cropland Nutrient Budget (current study)"
1976,"Current study","Input_MtPperYr",17.0553080031,"FAO (2022) Cropland Nutrient Budget (current study)"
1976,"Current study","Output_MtPperYr",8.7070170245,"FAO (2022) Cropland Nutrient Budget (current study)"
1976,"Current study","Surplus_MtPperYr",8.3482909786,"FAO (2022) Cropland Nutrient Budget (current study)"
1976,"Current study","PUE_pc",51.0517,"FAO (2022) Cropland Nutrient Budget (current study)"
1985,"Current study","Input_MtPperYr",20.4094757427,"FAO (2022) Cropland Nutrient Budget (current study)"
1985,"Current study","Output_MtPperYr",10.989540605,"FAO (2022) Cropland Nutrient Budget (current study)"
1985,"Current study","Surplus_MtPperYr",9.4199351377,"FAO (2022) Cropland Nutrient Budget (current study)"
1985,"Current study","PUE_pc",53.8453,"FAO (2022) Cropland Nutrient Budget (current study)"
1994,"Current study","Input_MtPperYr",18.4296817005,"FAO (2022) Cropland Nutrient Budget (current study)"
1994,"Current study","Output_MtPperYr",11.9874136468,"FAO (2022) Cropland Nutrient Budget (current study)"
1994,"Current study","Surplus_MtPperYr",6.4422680538,"FAO (2022) Cropland Nutrient Budget (current study)"
1994,"Current study","PUE_pc",65.0441,"FAO (2022) Cropland Nutrient Budget (current study)"
1968,"Current study","Input_MtPperYr",12.6564616902,"FAO (2022) Cropland Nutrient Budget (current study)"
1968,"Current study","Output_MtPperYr",7.2098832792,"FAO (2022) Cropland Nutrient Budget (current study)"
1968,"Current study","Surplus_MtPperYr",5.446578411,"FAO (2022) Cropland Nutrient Budget (current study)"
1968,"Current study","PUE_pc",56.966,"FAO (2022) Cropland Nutrient Budget (current study)"
1977,"Current study","Input_MtPperYr",17.7251234198,"FAO (2022) Cropland Nutrient Budget (current study)"
1977,"Current study","Output_MtPperYr",8.873311929,"FAO (2022) Cropland Nutrient Budget (current study)"
1977,"Current study","Surplus_MtPperYr",8.8518114908,"FAO (2022) Cropland Nutrient Budget (current study)"
1977,"Current study","PUE_pc",50.0606,"FAO (2022) Cropland Nutrient Budget (current study)"
1986,"Current study","Input_MtPperYr",21.07290768,"FAO (2022) Cropland Nutrient Budget (current study)"
1986,"Current study","Output_MtPperYr",10.9372421562,"FAO (2022) Cropland Nutrient Budget (current study)"
1986,"Current study","Surplus_MtPperYr",10.1356655238,"FAO (2022) Cropland Nutrient Budget (current study)"
1986,"Current study","PUE_pc",51.9019,"FAO (2022) Cropland Nutrient Budget (current study)"
1995,"Current study","Input_MtPperYr",18.9396727437,"FAO (2022) Cropland Nutrient Budget (current study)"
1995,"Current study","Output_MtPperYr",11.8756470029,"FAO (2022) Cropland Nutrient Budget (current study)"
1995,"Current study","Surplus_MtPperYr",7.0640257408,"FAO (2022) Cropland Nutrient Budget (current study)"
1995,"Current study","PUE_pc",62.7025,"FAO (2022) Cropland Nutrient Budget (current study)"
2004,"Current study","Input_MtPperYr",21.7522751834,"FAO (2022) Cropland Nutrient Budget (current study)"
2004,"Current study","Output_MtPperYr",14.9412957243,"FAO (2022) Cropland Nutrient Budget (current study)"
2004,"Current study","Surplus_MtPperYr",6.8109794591,"FAO (2022) Cropland Nutrient Budget (current study)"
2004,"Current study","PUE_pc",68.6884,"FAO (2022) Cropland Nutrient Budget (current study)"
2013,"Current study","Input_MtPperYr",25.1732322802,"FAO (2022) Cropland Nutrient Budget (current study)"
2013,"Current study","Output_MtPperYr",18.5494433209,"FAO (2022) Cropland Nutrient Budget (current study)"
2013,"Current study","Surplus_MtPperYr",6.6237889593,"FAO (2022) Cropland Nutrient Budget (current study)"
2013,"Current study","PUE_pc",73.6872,"FAO (2022) Cropland Nutrient Budget (current study)"
1996,"Current study","Input_MtPperYr",19.0463942151,"FAO (2022) Cropland Nutrient Budget (current study)"
1996,"Current study","Output_MtPperYr",12.5867063143,"FAO (2022) Cropland Nutrient Budget (current study)"
1996,"Current study","Surplus_MtPperYr",6.4596879008,"FAO (2022) Cropland Nutrient Budget (current study)"
1996,"Current study","PUE_pc",66.0845,"FAO (2022) Cropland Nutrient Budget (current study)"
2005,"Current study","Input_MtPperYr",21.6922020089,"FAO (2022) Cropland Nutrient Budget (current study)"
2005,"Current study","Output_MtPperYr",15.0040462233,"FAO (2022) Cropland Nutrient Budget (current study)"
2005,"Current study","Surplus_MtPperYr",6.6881557856,"FAO (2022) Cropland Nutrient Budget (current study)"
2005,"Current study","PUE_pc",69.1679,"FAO (2022) Cropland Nutrient Budget (current study)"
2014,"Current study","Input_MtPperYr",25.42873874,"FAO (2022) Cropland Nutrient Budget (current study)"
2014,"Current study","Output_MtPperYr",19.0360907157,"FAO (2022) Cropland Nutrient Budget (current study)"
2014,"Current study","Surplus_MtPperYr",6.3926480243,"FAO (2022) Cropland Nutrient Budget (current study)"
2014,"Current study","PUE_pc",74.8605,"FAO (2022) Cropland Nutrient Budget (current study)"
1997,"Current study","Input_MtPperYr",19.8071649317,"FAO (2022) Cropland Nutrient Budget (current study)"
1997,"Current study","Output_MtPperYr",12.8964214929,"FAO (2022) Cropland Nutrient Budget (current study)"
1997,"Current study","Surplus_MtPperYr",6.9107434388,"FAO (2022) Cropland Nutrient Budget (current study)"
1997,"Current study","PUE_pc",65.1099,"FAO (2022) Cropland Nutrient Budget (current study)"
2006,"Current study","Input_MtPperYr",22.3294404638,"FAO (2022) Cropland Nutrient Budget (current study)"
2006,"Current study","Output_MtPperYr",15.1587125303,"FAO (2022) Cropland Nutrient Budget (current study)"
2006,"Current study","Surplus_MtPperYr",7.1707279335,"FAO (2022) Cropland Nutrient Budget (current study)"
2006,"Current study","PUE_pc",67.8867,"FAO (2022) Cropland Nutrient Budget (current study)"
2015,"Current study","Input_MtPperYr",25.4132057422,"FAO (2022) Cropland Nutrient Budget (current study)"
2015,"Current study","Output_MtPperYr",19.1808444951,"FAO (2022) Cropland Nutrient Budget (current study)"
2015,"Current study","Surplus_MtPperYr",6.2323612471,"FAO (2022) Cropland Nutrient Budget (current study)"
2015,"Current study","PUE_pc",75.4759,"FAO (2022) Cropland Nutrient Budget (current study)"
1998,"Current study","Input_MtPperYr",19.7547093686,"FAO (2022) Cropland Nutrient Budget (current study)"
1998,"Current study","Output_MtPperYr",13.0127269433,"FAO (2022) Cropland Nutrient Budget (current study)"
1998,"Current study","Surplus_MtPperYr",6.7419824254,"FAO (2022) Cropland Nutrient Budget (current study)"
1998,"Current study","PUE_pc",65.8715,"FAO (2022) Cropland Nutrient Budget (current study)"
2007,"Current study","Input_MtPperYr",22.2974314658,"FAO (2022) Cropland Nutrient Budget (current study)"
2007,"Current study","Output_MtPperYr",15.5700934415,"FAO (2022) Cropland Nutrient Budget (current study)"
2007,"Current study","Surplus_MtPperYr",6.7273380243,"FAO (2022) Cropland Nutrient Budget (current study)"
2007,"Current study","PUE_pc",69.8291,"FAO (2022) Cropland Nutrient Budget (current study)"
2016,"Current study","Input_MtPperYr",25.3108597064,"FAO (2022) Cropland Nutrient Budget (current study)"
2016,"Current study","Output_MtPperYr",19.6511746075,"FAO (2022) Cropland Nutrient Budget (current study)"
2016,"Current study","Surplus_MtPperYr",5.6596850988,"FAO (2022) Cropland Nutrient Budget (current study)"
2016,"Current study","PUE_pc",77.6393,"FAO (2022) Cropland Nutrient Budget (current study)"
1999,"Current study","Input_MtPperYr",19.7740572001,"FAO (2022) Cropland Nutrient Budget (current study)"
1999,"Current study","Output_MtPperYr",13.1142059183,"FAO (2022) Cropland Nutrient Budget (current study)"
1999,"Current study","Surplus_MtPperYr",6.6598512818,"FAO (2022) Cropland Nutrient Budget (current study)"
1999,"Current study","PUE_pc",66.3203,"FAO (2022) Cropland Nutrient Budget (current study)"
2017,"Current study","Input_MtPperYr",26.0254023294,"FAO (2022) Cropland Nutrient Budget (current study)"
2017,"Current study","Output_MtPperYr",20.3119570758,"FAO (2022) Cropland Nutrient Budget (current study)"
2017,"Current study","Surplus_MtPperYr",5.7134452536,"FAO (2022) Cropland Nutrient Budget (current study)"
2017,"Current study","PUE_pc",78.0467,"FAO (2022) Cropland Nutrient Budget (current study)"
2008,"Current study","Input_MtPperYr",20.5447927839,"FAO (2022) Cropland Nutrient Budget (current study)"
2008,"Current study","Output_MtPperYr",16.4358883894,"FAO (2022) Cropland Nutrient Budget (current study)"
2008,"Current study","Surplus_MtPperYr",4.1089043945,"FAO (2022) Cropland Nutrient Budget (current study)"
2008,"Current study","PUE_pc",80.0003,"FAO (2022) Cropland Nutrient Budget (current study)"
2000,"Current study","Input_MtPperYr",19.5414901065,"FAO (2022) Cropland Nutrient Budget (current study)"
2000,"Current study","Output_MtPperYr",13.1619132532,"FAO (2022) Cropland Nutrient Budget (current study)"
2000,"Current study","Surplus_MtPperYr",6.3795768532,"FAO (2022) Cropland Nutrient Budget (current study)"
2000,"Current study","PUE_pc",67.3537,"FAO (2022) Cropland Nutrient Budget (current study)"
2002,"Current study","Input_MtPperYr",20.1575007249,"FAO (2022) Cropland Nutrient Budget (current study)"
2002,"Current study","Output_MtPperYr",13.4277555151,"FAO (2022) Cropland Nutrient Budget (current study)"
2002,"Current study","Surplus_MtPperYr",6.7297452097,"FAO (2022) Cropland Nutrient Budget (current study)"
2002,"Current study","PUE_pc",66.6142,"FAO (2022) Cropland Nutrient Budget (current study)"
2018,"Current study","Input_MtPperYr",25.7022513698,"FAO (2022) Cropland Nutrient Budget (current study)"
2018,"Current study","Output_MtPperYr",20.0697422305,"FAO (2022) Cropland Nutrient Budget (current study)"
2018,"Current study","Surplus_MtPperYr",5.6325091393,"FAO (2022) Cropland Nutrient Budget (current study)"
2018,"Current study","PUE_pc",78.0855,"FAO (2022) Cropland Nutrient Budget (current study)"
2009,"Current study","Input_MtPperYr",22.5928441296,"FAO (2022) Cropland Nutrient Budget (current study)"
2009,"Current study","Output_MtPperYr",16.2637146092,"FAO (2022) Cropland Nutrient Budget (current study)"
2009,"Current study","Surplus_MtPperYr",6.3291295205,"FAO (2022) Cropland Nutrient Budget (current study)"
2009,"Current study","PUE_pc",71.9861,"FAO (2022) Cropland Nutrient Budget (current study)"
2011,"Current study","Input_MtPperYr",24.7614361046,"FAO (2022) Cropland Nutrient Budget (current study)"
2011,"Current study","Output_MtPperYr",17.5606839199,"FAO (2022) Cropland Nutrient Budget (current study)"
2011,"Current study","Surplus_MtPperYr",7.2007521847,"FAO (2022) Cropland Nutrient Budget (current study)"
2011,"Current study","PUE_pc",70.9195,"FAO (2022) Cropland Nutrient Budget (current study)"
2001,"Current study","Input_MtPperYr",19.7227150729,"FAO (2022) Cropland Nutrient Budget (current study)"
2001,"Current study","Output_MtPperYr",13.5344060267,"FAO (2022) Cropland Nutrient Budget (current study)"
2001,"Current study","Surplus_MtPperYr",6.1883090462,"FAO (2022) Cropland Nutrient Budget (current study)"
2001,"Current study","PUE_pc",68.6234,"FAO (2022) Cropland Nutrient Budget (current study)"
2012,"Current study","Input_MtPperYr",24.9140918529,"FAO (2022) Cropland Nutrient Budget (current study)"
2012,"Current study","Output_MtPperYr",17.3301176129,"FAO (2022) Cropland Nutrient Budget (current study)"
2012,"Current study","Surplus_MtPperYr",7.58397424,"FAO (2022) Cropland Nutrient Budget (current study)"
2012,"Current study","PUE_pc",69.5595,"FAO (2022) Cropland Nutrient Budget (current study)"
2003,"Current study","Input_MtPperYr",20.6868944413,"FAO (2022) Cropland Nutrient Budget (current study)"
2003,"Current study","Output_MtPperYr",13.7156127443,"FAO (2022) Cropland Nutrient Budget (current study)"
2003,"Current study","Surplus_MtPperYr",6.971281697,"FAO (2022) Cropland Nutrient Budget (current study)"
2003,"Current study","PUE_pc",66.301,"FAO (2022) Cropland Nutrient Budget (current study)"
2010,"Current study","Input_MtPperYr",24.4347786727,"FAO (2022) Cropland Nutrient Budget (current study)"
2010,"Current study","Output_MtPperYr",16.7783743668,"FAO (2022) Cropland Nutrient Budget (current study)"
2010,"Current study","Surplus_MtPperYr",7.6564043059,"FAO (2022) Cropland Nutrient Budget (current study)"
2010,"Current study","PUE_pc",68.666,"FAO (2022) Cropland Nutrient Budget (current study)"
2019,"Current study","Input_MtPperYr",25.7466762936,"FAO (2022) Cropland Nutrient Budget (current study)"
2019,"Current study","Output_MtPperYr",20.3365168077,"FAO (2022) Cropland Nutrient Budget (current study)"
2019,"Current study","Surplus_MtPperYr",5.4101594859,"FAO (2022) Cropland Nutrient Budget (current study)"
2019,"Current study","PUE_pc",78.987,"FAO (2022) Cropland Nutrient Budget (current study)"
2020,"Current study","Input_MtPperYr",27.3335730813,"FAO (2022) Cropland Nutrient Budget (current study)"
2020,"Current study","Output_MtPperYr",20.5972974232,"FAO (2022) Cropland Nutrient Budget (current study)"
2020,"Current study","Surplus_MtPperYr",6.7362756582,"FAO (2022) Cropland Nutrient Budget (current study)"
2020,"Current study","PUE_pc",75.3553,"FAO (2022) Cropland Nutrient Budget (current study)"
1961,"Zou et al (2022)","Input_MtPperYr",7.69304449466114,"Zou et al (2022)"
1961,"Zou et al (2022)","Output_MtPperYr",4.31967278106029,"Zou et al (2022)"
1961,"Zou et al (2022)","Surplus_MtPperYr",3.37337171360085,"Zou et al (2022)"
1961,"Zou et al (2022)","PUE_pc",56.1503678297725,"Zou et al (2022)"
1962,"Zou et al (2022)","Input_MtPperYr",8.02985174652647,"Zou et al (2022)"
1962,"Zou et al (2022)","Output_MtPperYr",4.53600686008164,"Zou et al (2022)"
1962,"Zou et al (2022)","Surplus_MtPperYr",3.49384488644483,"Zou et al (2022)"
1962,"Zou et al (2022)","PUE_pc",56.4892977263722,"Zou et al (2022)"
1963,"Zou et al (2022)","Input_MtPperYr",8.61888851291485,"Zou et al (2022)"
1963,"Zou et al (2022)","Output_MtPperYr",4.56597499960751,"Zou et al (2022)"
1963,"Zou et al (2022)","Surplus_MtPperYr",4.05291351330734,"Zou et al (2022)"
1963,"Zou et al (2022)","PUE_pc",52.9763784827439,"Zou et al (2022)"
1964,"Zou et al (2022)","Input_MtPperYr",9.21627257852312,"Zou et al (2022)"
1964,"Zou et al (2022)","Output_MtPperYr",4.81759895895693,"Zou et al (2022)"
1964,"Zou et al (2022)","Surplus_MtPperYr",4.39867361956619,"Zou et al (2022)"
1964,"Zou et al (2022)","PUE_pc",52.2727482060751,"Zou et al (2022)"
1965,"Zou et al (2022)","Input_MtPperYr",9.86050371257416,"Zou et al (2022)"
1965,"Zou et al (2022)","Output_MtPperYr",4.83889575272658,"Zou et al (2022)"
1965,"Zou et al (2022)","Surplus_MtPperYr",5.02160795984758,"Zou et al (2022)"
1965,"Zou et al (2022)","PUE_pc",49.0735148403828,"Zou et al (2022)"
1966,"Zou et al (2022)","Input_MtPperYr",10.6329257809764,"Zou et al (2022)"
1966,"Zou et al (2022)","Output_MtPperYr",5.14256977082565,"Zou et al (2022)"
1966,"Zou et al (2022)","Surplus_MtPperYr",5.4903560101507,"Zou et al (2022)"
1966,"Zou et al (2022)","PUE_pc",48.3645788257674,"Zou et al (2022)"
1967,"Zou et al (2022)","Input_MtPperYr",11.0165186780523,"Zou et al (2022)"
1967,"Zou et al (2022)","Output_MtPperYr",5.26546839457066,"Zou et al (2022)"
1967,"Zou et al (2022)","Surplus_MtPperYr",5.75105028348162,"Zou et al (2022)"
1967,"Zou et al (2022)","PUE_pc",47.7961191593204,"Zou et al (2022)"
1968,"Zou et al (2022)","Input_MtPperYr",11.3915307542972,"Zou et al (2022)"
1968,"Zou et al (2022)","Output_MtPperYr",5.47284887861717,"Zou et al (2022)"
1968,"Zou et al (2022)","Surplus_MtPperYr",5.91868187568007,"Zou et al (2022)"
1968,"Zou et al (2022)","PUE_pc",48.0431383337366,"Zou et al (2022)"
1969,"Zou et al (2022)","Input_MtPperYr",11.6854625037662,"Zou et al (2022)"
1969,"Zou et al (2022)","Output_MtPperYr",5.45181778514882,"Zou et al (2022)"
1969,"Zou et al (2022)","Surplus_MtPperYr",6.23364471861741,"Zou et al (2022)"
1969,"Zou et al (2022)","PUE_pc",46.6547026563279,"Zou et al (2022)"
1970,"Zou et al (2022)","Input_MtPperYr",12.2292738079918,"Zou et al (2022)"
1970,"Zou et al (2022)","Output_MtPperYr",5.59945419866856,"Zou et al (2022)"
1970,"Zou et al (2022)","Surplus_MtPperYr",6.62981960932324,"Zou et al (2022)"
1970,"Zou et al (2022)","PUE_pc",45.7872992835382,"Zou et al (2022)"
1971,"Zou et al (2022)","Input_MtPperYr",12.874570546168,"Zou et al (2022)"
1971,"Zou et al (2022)","Output_MtPperYr",5.98644840615589,"Zou et al (2022)"
1971,"Zou et al (2022)","Surplus_MtPperYr",6.88812214001209,"Zou et al (2022)"
1971,"Zou et al (2022)","PUE_pc",46.4982376281103,"Zou et al (2022)"
1972,"Zou et al (2022)","Input_MtPperYr",13.6015989246277,"Zou et al (2022)"
1972,"Zou et al (2022)","Output_MtPperYr",5.85328823090765,"Zou et al (2022)"
1972,"Zou et al (2022)","Surplus_MtPperYr",7.74831069372008,"Zou et al (2022)"
1972,"Zou et al (2022)","PUE_pc",43.0338246506401,"Zou et al (2022)"
1973,"Zou et al (2022)","Input_MtPperYr",14.3728863832853,"Zou et al (2022)"
1973,"Zou et al (2022)","Output_MtPperYr",6.33613690525575,"Zou et al (2022)"
1973,"Zou et al (2022)","Surplus_MtPperYr",8.03674947802959,"Zou et al (2022)"
1973,"Zou et al (2022)","PUE_pc",44.0839559729926,"Zou et al (2022)"
1974,"Zou et al (2022)","Input_MtPperYr",13.745484823583,"Zou et al (2022)"
1974,"Zou et al (2022)","Output_MtPperYr",6.20266437070857,"Zou et al (2022)"
1974,"Zou et al (2022)","Surplus_MtPperYr",7.54282045287441,"Zou et al (2022)"
1974,"Zou et al (2022)","PUE_pc",45.1251043547531,"Zou et al (2022)"
1975,"Zou et al (2022)","Input_MtPperYr",14.4375660923334,"Zou et al (2022)"
1975,"Zou et al (2022)","Output_MtPperYr",6.45246473309687,"Zou et al (2022)"
1975,"Zou et al (2022)","Surplus_MtPperYr",7.98510135923657,"Zou et al (2022)"
1975,"Zou et al (2022)","PUE_pc",44.6921918267319,"Zou et al (2022)"
1976,"Zou et al (2022)","Input_MtPperYr",15.1517604079203,"Zou et al (2022)"
1976,"Zou et al (2022)","Output_MtPperYr",6.61451130390118,"Zou et al (2022)"
1976,"Zou et al (2022)","Surplus_MtPperYr",8.53724910401916,"Zou et al (2022)"
1976,"Zou et al (2022)","PUE_pc",43.6550679645353,"Zou et al (2022)"
1977,"Zou et al (2022)","Input_MtPperYr",15.706913060659,"Zou et al (2022)"
1977,"Zou et al (2022)","Output_MtPperYr",6.80037734723712,"Zou et al (2022)"
1977,"Zou et al (2022)","Surplus_MtPperYr",8.90653571342186,"Zou et al (2022)"
1977,"Zou et al (2022)","PUE_pc",43.2954414465436,"Zou et al (2022)"
1978,"Zou et al (2022)","Input_MtPperYr",16.3724205631395,"Zou et al (2022)"
1978,"Zou et al (2022)","Output_MtPperYr",7.15866251694195,"Zou et al (2022)"
1978,"Zou et al (2022)","Surplus_MtPperYr",9.21375804619753,"Zou et al (2022)"
1978,"Zou et al (2022)","PUE_pc",43.7239105197359,"Zou et al (2022)"
1979,"Zou et al (2022)","Input_MtPperYr",16.916875055682,"Zou et al (2022)"
1979,"Zou et al (2022)","Output_MtPperYr",7.24897609296473,"Zou et al (2022)"
1979,"Zou et al (2022)","Surplus_MtPperYr",9.66789896271731,"Zou et al (2022)"
1979,"Zou et al (2022)","PUE_pc",42.8505623473878,"Zou et al (2022)"
1980,"Zou et al (2022)","Input_MtPperYr",17.2535886821295,"Zou et al (2022)"
1980,"Zou et al (2022)","Output_MtPperYr",7.22523568594151,"Zou et al (2022)"
1980,"Zou et al (2022)","Surplus_MtPperYr",10.028352996188,"Zou et al (2022)"
1980,"Zou et al (2022)","PUE_pc",41.8767122542169,"Zou et al (2022)"
1981,"Zou et al (2022)","Input_MtPperYr",16.934409524225,"Zou et al (2022)"
1981,"Zou et al (2022)","Output_MtPperYr",7.59035336718288,"Zou et al (2022)"
1981,"Zou et al (2022)","Surplus_MtPperYr",9.34405615704209,"Zou et al (2022)"
1981,"Zou et al (2022)","PUE_pc",44.8220728117195,"Zou et al (2022)"
1982,"Zou et al (2022)","Input_MtPperYr",17.0242674812995,"Zou et al (2022)"
1982,"Zou et al (2022)","Output_MtPperYr",7.79778898141002,"Zou et al (2022)"
1982,"Zou et al (2022)","Surplus_MtPperYr",9.22647849988948,"Zou et al (2022)"
1982,"Zou et al (2022)","PUE_pc",45.8039618443236,"Zou et al (2022)"
1983,"Zou et al (2022)","Input_MtPperYr",17.8790038430308,"Zou et al (2022)"
1983,"Zou et al (2022)","Output_MtPperYr",7.685562864911,"Zou et al (2022)"
1983,"Zou et al (2022)","Surplus_MtPperYr",10.1934409781198,"Zou et al (2022)"
1983,"Zou et al (2022)","PUE_pc",42.9865272829885,"Zou et al (2022)"
1984,"Zou et al (2022)","Input_MtPperYr",18.5020108288504,"Zou et al (2022)"
1984,"Zou et al (2022)","Output_MtPperYr",8.10450613240591,"Zou et al (2022)"
1984,"Zou et al (2022)","Surplus_MtPperYr",10.3975046964445,"Zou et al (2022)"
1984,"Zou et al (2022)","PUE_pc",43.8033801156816,"Zou et al (2022)"
1985,"Zou et al (2022)","Input_MtPperYr",18.0935733424085,"Zou et al (2022)"
1985,"Zou et al (2022)","Output_MtPperYr",8.47655804858591,"Zou et al (2022)"
1985,"Zou et al (2022)","Surplus_MtPperYr",9.61701529382261,"Zou et al (2022)"
1985,"Zou et al (2022)","PUE_pc",46.8484466178838,"Zou et al (2022)"
1986,"Zou et al (2022)","Input_MtPperYr",18.7263041520543,"Zou et al (2022)"
1986,"Zou et al (2022)","Output_MtPperYr",8.45529964705679,"Zou et al (2022)"
1986,"Zou et al (2022)","Surplus_MtPperYr",10.2710045049975,"Zou et al (2022)"
1986,"Zou et al (2022)","PUE_pc",45.1519935722567,"Zou et al (2022)"
1987,"Zou et al (2022)","Input_MtPperYr",19.4356388960709,"Zou et al (2022)"
1987,"Zou et al (2022)","Output_MtPperYr",8.38537535338292,"Zou et al (2022)"
1987,"Zou et al (2022)","Surplus_MtPperYr",11.050263542688,"Zou et al (2022)"
1987,"Zou et al (2022)","PUE_pc",43.1443257318292,"Zou et al (2022)"
1988,"Zou et al (2022)","Input_MtPperYr",19.9686122835112,"Zou et al (2022)"
1988,"Zou et al (2022)","Output_MtPperYr",8.47297864310908,"Zou et al (2022)"
1988,"Zou et al (2022)","Surplus_MtPperYr",11.4956336404021,"Zou et al (2022)"
1988,"Zou et al (2022)","PUE_pc",42.4314845859646,"Zou et al (2022)"
1989,"Zou et al (2022)","Input_MtPperYr",19.9404168368884,"Zou et al (2022)"
1989,"Zou et al (2022)","Output_MtPperYr",8.82582943148377,"Zou et al (2022)"
1989,"Zou et al (2022)","Surplus_MtPperYr",11.1145874054047,"Zou et al (2022)"
1989,"Zou et al (2022)","PUE_pc",44.2610076994809,"Zou et al (2022)"
1990,"Zou et al (2022)","Input_MtPperYr",19.3879690500236,"Zou et al (2022)"
1990,"Zou et al (2022)","Output_MtPperYr",9.09263537466069,"Zou et al (2022)"
1990,"Zou et al (2022)","Surplus_MtPperYr",10.2953336753629,"Zou et al (2022)"
1990,"Zou et al (2022)","PUE_pc",46.8983386098897,"Zou et al (2022)"
1991,"Zou et al (2022)","Input_MtPperYr",19.0848655781406,"Zou et al (2022)"
1991,"Zou et al (2022)","Output_MtPperYr",8.9921707367724,"Zou et al (2022)"
1991,"Zou et al (2022)","Surplus_MtPperYr",10.0926948413682,"Zou et al (2022)"
1991,"Zou et al (2022)","PUE_pc",47.1167622321211,"Zou et al (2022)"
1992,"Zou et al (2022)","Input_MtPperYr",17.0937714419782,"Zou et al (2022)"
1992,"Zou et al (2022)","Output_MtPperYr",9.27922843591898,"Zou et al (2022)"
1992,"Zou et al (2022)","Surplus_MtPperYr",7.81454300605917,"Zou et al (2022)"
1992,"Zou et al (2022)","PUE_pc",54.2842664500091,"Zou et al (2022)"
1993,"Zou et al (2022)","Input_MtPperYr",16.0959427550702,"Zou et al (2022)"
1993,"Zou et al (2022)","Output_MtPperYr",9.00213064657312,"Zou et al (2022)"
1993,"Zou et al (2022)","Surplus_MtPperYr",7.09381210849712,"Zou et al (2022)"
1993,"Zou et al (2022)","PUE_pc",55.9279489468701,"Zou et al (2022)"
1994,"Zou et al (2022)","Input_MtPperYr",16.3796119166243,"Zou et al (2022)"
1994,"Zou et al (2022)","Output_MtPperYr",9.3355667810125,"Zou et al (2022)"
1994,"Zou et al (2022)","Surplus_MtPperYr",7.04404513561179,"Zou et al (2022)"
1994,"Zou et al (2022)","PUE_pc",56.9950425476044,"Zou et al (2022)"
1995,"Zou et al (2022)","Input_MtPperYr",16.8051532929096,"Zou et al (2022)"
1995,"Zou et al (2022)","Output_MtPperYr",9.36099791678888,"Zou et al (2022)"
1995,"Zou et al (2022)","Surplus_MtPperYr",7.44415537612073,"Zou et al (2022)"
1995,"Zou et al (2022)","PUE_pc",55.7031391123248,"Zou et al (2022)"
1996,"Zou et al (2022)","Input_MtPperYr",16.9810351387572,"Zou et al (2022)"
1996,"Zou et al (2022)","Output_MtPperYr",9.77429219408813,"Zou et al (2022)"
1996,"Zou et al (2022)","Surplus_MtPperYr",7.20674294466905,"Zou et al (2022)"
1996,"Zou et al (2022)","PUE_pc",57.5600492797961,"Zou et al (2022)"
1997,"Zou et al (2022)","Input_MtPperYr",17.7605001340973,"Zou et al (2022)"
1997,"Zou et al (2022)","Output_MtPperYr",10.0422810601895,"Zou et al (2022)"
1997,"Zou et al (2022)","Surplus_MtPperYr",7.71821907390785,"Zou et al (2022)"
1997,"Zou et al (2022)","PUE_pc",56.542783054346,"Zou et al (2022)"
1998,"Zou et al (2022)","Input_MtPperYr",17.720312430954,"Zou et al (2022)"
1998,"Zou et al (2022)","Output_MtPperYr",10.104519765898,"Zou et al (2022)"
1998,"Zou et al (2022)","Surplus_MtPperYr",7.61579266505599,"Zou et al (2022)"
1998,"Zou et al (2022)","PUE_pc",57.0222438530335,"Zou et al (2022)"
1999,"Zou et al (2022)","Input_MtPperYr",17.7069873392725,"Zou et al (2022)"
1999,"Zou et al (2022)","Output_MtPperYr",10.2175754716407,"Zou et al (2022)"
1999,"Zou et al (2022)","Surplus_MtPperYr",7.48941186763172,"Zou et al (2022)"
1999,"Zou et al (2022)","PUE_pc",57.7036357222615,"Zou et al (2022)"
2000,"Zou et al (2022)","Input_MtPperYr",17.391969187105,"Zou et al (2022)"
2000,"Zou et al (2022)","Output_MtPperYr",10.2003954587765,"Zou et al (2022)"
2000,"Zou et al (2022)","Surplus_MtPperYr",7.19157372832852,"Zou et al (2022)"
2000,"Zou et al (2022)","PUE_pc",58.6500317993859,"Zou et al (2022)"
2001,"Zou et al (2022)","Input_MtPperYr",17.6106283916915,"Zou et al (2022)"
2001,"Zou et al (2022)","Output_MtPperYr",10.4516523386323,"Zou et al (2022)"
2001,"Zou et al (2022)","Surplus_MtPperYr",7.15897605305927,"Zou et al (2022)"
2001,"Zou et al (2022)","PUE_pc",59.3485485365373,"Zou et al (2022)"
2002,"Zou et al (2022)","Input_MtPperYr",18.4009293342908,"Zou et al (2022)"
2002,"Zou et al (2022)","Output_MtPperYr",10.4773059785278,"Zou et al (2022)"
2002,"Zou et al (2022)","Surplus_MtPperYr",7.92362335576296,"Zou et al (2022)"
2002,"Zou et al (2022)","PUE_pc",56.9390044827952,"Zou et al (2022)"
2003,"Zou et al (2022)","Input_MtPperYr",18.7880110849281,"Zou et al (2022)"
2003,"Zou et al (2022)","Output_MtPperYr",10.6800930093414,"Zou et al (2022)"
2003,"Zou et al (2022)","Surplus_MtPperYr",8.10791807558672,"Zou et al (2022)"
2003,"Zou et al (2022)","PUE_pc",56.8452560575134,"Zou et al (2022)"
2004,"Zou et al (2022)","Input_MtPperYr",19.8031740544583,"Zou et al (2022)"
2004,"Zou et al (2022)","Output_MtPperYr",11.4592440907502,"Zou et al (2022)"
2004,"Zou et al (2022)","Surplus_MtPperYr",8.34392996370818,"Zou et al (2022)"
2004,"Zou et al (2022)","PUE_pc",57.865693950058,"Zou et al (2022)"
2005,"Zou et al (2022)","Input_MtPperYr",19.8810128020718,"Zou et al (2022)"
2005,"Zou et al (2022)","Output_MtPperYr",11.6398498473281,"Zou et al (2022)"
2005,"Zou et al (2022)","Surplus_MtPperYr",8.24116295474369,"Zou et al (2022)"
2005,"Zou et al (2022)","PUE_pc",58.5475698004435,"Zou et al (2022)"
2006,"Zou et al (2022)","Input_MtPperYr",20.3791361797737,"Zou et al (2022)"
2006,"Zou et al (2022)","Output_MtPperYr",11.6256034629217,"Zou et al (2022)"
2006,"Zou et al (2022)","Surplus_MtPperYr",8.75353271685199,"Zou et al (2022)"
2006,"Zou et al (2022)","PUE_pc",57.0465958928138,"Zou et al (2022)"
2007,"Zou et al (2022)","Input_MtPperYr",20.3666376780229,"Zou et al (2022)"
2007,"Zou et al (2022)","Output_MtPperYr",11.9631607482267,"Zou et al (2022)"
2007,"Zou et al (2022)","Surplus_MtPperYr",8.40347692979619,"Zou et al (2022)"
2007,"Zou et al (2022)","PUE_pc",58.7390070828226,"Zou et al (2022)"
2008,"Zou et al (2022)","Input_MtPperYr",19.0931525146234,"Zou et al (2022)"
2008,"Zou et al (2022)","Output_MtPperYr",12.5787114671588,"Zou et al (2022)"
2008,"Zou et al (2022)","Surplus_MtPperYr",6.5144410474646,"Zou et al (2022)"
2008,"Zou et al (2022)","PUE_pc",65.8807468149893,"Zou et al (2022)"
2009,"Zou et al (2022)","Input_MtPperYr",19.9877276383264,"Zou et al (2022)"
2009,"Zou et al (2022)","Output_MtPperYr",12.5972522856774,"Zou et al (2022)"
2009,"Zou et al (2022)","Surplus_MtPperYr",7.39047535264899,"Zou et al (2022)"
2009,"Zou et al (2022)","PUE_pc",63.0249346680221,"Zou et al (2022)"
2010,"Zou et al (2022)","Input_MtPperYr",22.2217421314487,"Zou et al (2022)"
2010,"Zou et al (2022)","Output_MtPperYr",12.7345028823902,"Zou et al (2022)"
2010,"Zou et al (2022)","Surplus_MtPperYr",9.48723924905841,"Zou et al (2022)"
2010,"Zou et al (2022)","PUE_pc",57.3065010252644,"Zou et al (2022)"
2011,"Zou et al (2022)","Input_MtPperYr",23.4274906158832,"Zou et al (2022)"
2011,"Zou et al (2022)","Output_MtPperYr",13.3927285993467,"Zou et al (2022)"
2011,"Zou et al (2022)","Surplus_MtPperYr",10.0347620165365,"Zou et al (2022)"
2011,"Zou et al (2022)","PUE_pc",57.1667227144969,"Zou et al (2022)"
2012,"Zou et al (2022)","Input_MtPperYr",23.0008855375957,"Zou et al (2022)"
2012,"Zou et al (2022)","Output_MtPperYr",13.4919826617132,"Zou et al (2022)"
2012,"Zou et al (2022)","Surplus_MtPperYr",9.50890287588242,"Zou et al (2022)"
2012,"Zou et al (2022)","PUE_pc",58.6585357318534,"Zou et al (2022)"
2013,"Zou et al (2022)","Input_MtPperYr",23.1930924428639,"Zou et al (2022)"
2013,"Zou et al (2022)","Output_MtPperYr",13.9691381995204,"Zou et al (2022)"
2013,"Zou et al (2022)","Surplus_MtPperYr",9.22395424334358,"Zou et al (2022)"
2013,"Zou et al (2022)","PUE_pc",60.2297353573408,"Zou et al (2022)"
2014,"Zou et al (2022)","Input_MtPperYr",23.2608192173797,"Zou et al (2022)"
2014,"Zou et al (2022)","Output_MtPperYr",14.4693163543059,"Zou et al (2022)"
2014,"Zou et al (2022)","Surplus_MtPperYr",8.79150286307378,"Zou et al (2022)"
2014,"Zou et al (2022)","PUE_pc",62.2046722391228,"Zou et al (2022)"
2015,"Zou et al (2022)","Input_MtPperYr",23.0335047094046,"Zou et al (2022)"
2015,"Zou et al (2022)","Output_MtPperYr",14.708932963471,"Zou et al (2022)"
2015,"Zou et al (2022)","Surplus_MtPperYr",8.32457174593365,"Zou et al (2022)"
2015,"Zou et al (2022)","PUE_pc",63.8588575600711,"Zou et al (2022)"
2016,"Zou et al (2022)","Input_MtPperYr",23.0440908246565,"Zou et al (2022)"
2016,"Zou et al (2022)","Output_MtPperYr",14.8708801400111,"Zou et al (2022)"
2016,"Zou et al (2022)","Surplus_MtPperYr",8.17321068464542,"Zou et al (2022)"
2016,"Zou et al (2022)","PUE_pc",64.5322926956167,"Zou et al (2022)"
2017,"Zou et al (2022)","Input_MtPperYr",23.6667511076304,"Zou et al (2022)"
2017,"Zou et al (2022)","Output_MtPperYr",15.4189831556406,"Zou et al (2022)"
2017,"Zou et al (2022)","Surplus_MtPperYr",8.24776795198983,"Zou et al (2022)"
2017,"Zou et al (2022)","PUE_pc",65.150400600061,"Zou et al (2022)"
2018,"Zou et al (2022)","Input_MtPperYr",23.3780665425018,"Zou et al (2022)"
2018,"Zou et al (2022)","Output_MtPperYr",15.3809001384758,"Zou et al (2022)"
2018,"Zou et al (2022)","Surplus_MtPperYr",7.99716640402606,"Zou et al (2022)"
2018,"Zou et al (2022)","PUE_pc",65.7920111165436,"Zou et al (2022)"
2019,"Zou et al (2022)","Input_MtPperYr",23.1279751558322,"Zou et al (2022)"
2019,"Zou et al (2022)","Output_MtPperYr",15.313705676103,"Zou et al (2022)"
2019,"Zou et al (2022)","Surplus_MtPperYr",7.81426947972926,"Zou et al (2022)"
2019,"Zou et al (2022)","PUE_pc",66.212911302965,"Zou et al (2022)"
